-- phpMyAdmin SQL Dump
-- version phpStudy 2014
-- http://www.phpmyadmin.net
--
-- 主机: localhost
-- 生成日期: 2019 年 08 月 04 日 08:46
-- 服务器版本: 5.7.16-log
-- PHP 版本: 5.4.45

SET SQL_MODE="NO_AUTO_VALUE_ON_ZERO";
SET time_zone = "+00:00";


/*!40101 SET @OLD_CHARACTER_SET_CLIENT=@@CHARACTER_SET_CLIENT */;
/*!40101 SET @OLD_CHARACTER_SET_RESULTS=@@CHARACTER_SET_RESULTS */;
/*!40101 SET @OLD_COLLATION_CONNECTION=@@COLLATION_CONNECTION */;
/*!40101 SET NAMES utf8 */;

--
-- 数据库: `xk`
--

-- --------------------------------------------------------

--
-- 表的结构 `course`
--

CREATE TABLE IF NOT EXISTS `course` (
  `id` int(20) NOT NULL AUTO_INCREMENT,
  `name` varchar(20) NOT NULL,
  `t_id` int(10) NOT NULL,
  `value1` int(11) NOT NULL,
  `value2` int(11) NOT NULL,
  `value3` int(11) NOT NULL,
  `value4` int(11) NOT NULL,
  `value5` int(11) NOT NULL,
  `term` int(10) NOT NULL,
  PRIMARY KEY (`id`)
) ENGINE=InnoDB  DEFAULT CHARSET=utf8 AUTO_INCREMENT=52 ;

--
-- 转存表中的数据 `course`
--

INSERT INTO `course` (`id`, `name`, `t_id`, `value1`, `value2`, `value3`, `value4`, `value5`, `term`) VALUES
(1, '青年文化自信', 1, 3, 3, 3, 3, 3, 2018),
(2, '马恩经典品读', 1, 3, 3, 3, 3, 3, 2019),
(3, '街舞的基本训练和提升', 1, 3, 3, 3, 3, 3, 2018),
(4, '数学解题与讲题能力拓展能力训练', 1, 3, 3, 3, 3, 3, 2018),
(5, '语言训练speech training', 1, 3, 3, 3, 3, 3, 2019),
(6, '积极心理学团体活动课', 1, 3, 3, 3, 3, 3, 2018),
(7, '面试能力提升', 1, 3, 3, 3, 3, 3, 2018),
(8, '英语语音与演讲', 1, 3, 3, 3, 3, 3, 2020),
(9, 'understanding DSGE', 1, 3, 3, 3, 3, 3, 2018),
(10, '团干部训营', 1, 3, 3, 3, 3, 3, 2018),
(11, '环境教育与自然体验', 1, 3, 3, 3, 3, 3, 2018),
(12, '本科生科研项目孵化初级培训', 1, 3, 3, 3, 3, 3, 2018),
(13, '计算机基础软件应用', 1, 3, 3, 3, 3, 3, 2020),
(14, '调研报告撰写与实操', 1, 3, 3, 3, 3, 3, 2018),
(15, '演讲口才与形象气质提升', 1, 3, 3, 3, 3, 3, 2019),
(16, '《共产党宣言》句读', 1, 3, 3, 3, 3, 3, 2018),
(17, '城乡规划设计基础', 1, 3, 3, 3, 3, 3, 2018),
(18, '大学生形象与礼仪', 1, 3, 3, 3, 3, 3, 2018),
(19, '''''玩转地球''''趣味地理知识课堂', 1, 3, 3, 3, 3, 3, 2018),
(20, '素养学堂', 1, 3, 3, 3, 3, 3, 2018),
(21, '大学生志愿者专业素质培养与实践', 1, 3, 3, 3, 3, 3, 2018),
(22, '文科学生学术能力提升训练', 1, 3, 3, 3, 3, 3, 2018),
(23, '教师技能培训', 1, 3, 3, 3, 3, 3, 2018),
(24, '慕风堂书法培训课堂', 1, 3, 3, 3, 3, 3, 2018),
(25, '历史专业学生教师职业技能综合训练', 1, 3, 3, 3, 3, 3, 2018),
(26, '定向越野', 1, 3, 3, 3, 3, 3, 2018),
(27, '野外实习成果交流与展示', 1, 3, 3, 3, 3, 3, 2018),
(28, '钢笔字粉笔字培训', 1, 3, 3, 3, 3, 3, 2018),
(29, '青年学''''习''''计划', 1, 3, 3, 3, 3, 3, 2018),
(30, '城乡规划设计大赛', 1, 3, 3, 3, 3, 3, 2018),
(31, '大学生科研意识及科研能力养成', 1, 3, 3, 3, 3, 3, 2018),
(32, '吟诵与诗教', 1, 3, 3, 3, 3, 3, 2018),
(33, '团干精英培训班（初级班）', 1, 3, 3, 3, 3, 3, 2018),
(34, '团学骨干的自我修养', 1, 3, 3, 3, 3, 3, 2018),
(35, '心理社会志愿服务', 1, 3, 3, 3, 3, 3, 2018),
(36, '学生干部培训营', 1, 3, 3, 3, 3, 3, 2018),
(37, '四维口才训练', 1, 3, 3, 3, 3, 3, 2018),
(38, '中国话剧赏析与舞台表演体验', 1, 3, 3, 3, 3, 3, 2018),
(39, '大学生创新创业项目', 1, 3, 3, 3, 3, 3, 2018),
(40, '经典文献品读', 1, 3, 3, 3, 3, 3, 2018),
(41, '地理教具设计与制作', 1, 3, 3, 3, 3, 3, 2018),
(42, 'HOPE课堂', 1, 3, 3, 3, 3, 3, 2018),
(43, '大学生外教官基本能力培养', 1, 3, 3, 3, 3, 3, 2018),
(44, '大学生思想理论课堂', 1, 3, 3, 3, 3, 3, 2018),
(45, '五行通背拳', 1, 3, 3, 3, 3, 3, 2018),
(46, '青年马克思主义者的学习与实践', 1, 3, 3, 3, 3, 3, 2018),
(47, '你好，古典舞', 1, 3, 3, 3, 3, 3, 2018),
(48, '创新创业理论前沿与热点', 1, 3, 3, 3, 3, 3, 2018),
(49, '文昌读书会', 1, 3, 3, 3, 3, 3, 2018),
(50, '新时代大学生理论学习班', 1, 3, 3, 3, 3, 3, 2018),
(51, '纽村咖啡吧-商业实践培训', 1, 3, 3, 3, 3, 3, 2018);

-- --------------------------------------------------------

--
-- 表的结构 `relationship`
--

CREATE TABLE IF NOT EXISTS `relationship` (
  `id` int(10) NOT NULL AUTO_INCREMENT,
  `s_id` int(10) NOT NULL,
  `c_id` int(10) NOT NULL,
  `value1` int(10) NOT NULL,
  `value2` int(10) NOT NULL,
  `value3` int(10) NOT NULL,
  `value4` int(10) NOT NULL,
  `value5` int(10) NOT NULL,
  PRIMARY KEY (`id`)
) ENGINE=InnoDB  DEFAULT CHARSET=utf8 AUTO_INCREMENT=7 ;

--
-- 转存表中的数据 `relationship`
--

INSERT INTO `relationship` (`id`, `s_id`, `c_id`, `value1`, `value2`, `value3`, `value4`, `value5`) VALUES
(1, 1, 1, 3, 3, 3, 3, 3),
(2, 2, 2, 3, 3, 3, 3, 3),
(3, 1, 43, 3, 3, 3, 3, 3),
(4, 1, 15, 3, 3, 3, 3, 3),
(5, 1, 2, 3, 3, 3, 3, 3),
(6, 2, 1, 5, 5, 5, 5, 5);

-- --------------------------------------------------------

--
-- 表的结构 `student`
--

CREATE TABLE IF NOT EXISTS `student` (
  `id` int(20) NOT NULL AUTO_INCREMENT,
  `name` varchar(20) NOT NULL,
  `password` varchar(10) NOT NULL,
  `sex` varchar(10) NOT NULL,
  `grade` varchar(10) NOT NULL,
  `speciality` varchar(10) NOT NULL,
  `number` int(10) NOT NULL,
  PRIMARY KEY (`id`)
) ENGINE=InnoDB  DEFAULT CHARSET=utf8 AUTO_INCREMENT=3 ;

--
-- 转存表中的数据 `student`
--

INSERT INTO `student` (`id`, `name`, `password`, `sex`, `grade`, `speciality`, `number`) VALUES
(1, '郑天泽', '111111', '男', '2017级', '软件工程', 2017012313),
(2, '匡成佳', '111111', '女', '2016级', '教育技术', 2016012313);

-- --------------------------------------------------------

--
-- 表的结构 `teacher`
--

CREATE TABLE IF NOT EXISTS `teacher` (
  `id` int(10) NOT NULL AUTO_INCREMENT,
  `name` varchar(10) NOT NULL,
  `mailbox` varchar(20) NOT NULL,
  PRIMARY KEY (`id`)
) ENGINE=InnoDB  DEFAULT CHARSET=utf8 AUTO_INCREMENT=3 ;

--
-- 转存表中的数据 `teacher`
--

INSERT INTO `teacher` (`id`, `name`, `mailbox`) VALUES
(1, '朱铁英', 'zhuty985'),
(2, '刘志勇', 'liuzy231');

-- --------------------------------------------------------

--
-- 表的结构 `user`
--

CREATE TABLE IF NOT EXISTS `user` (
  `id` int(100) NOT NULL AUTO_INCREMENT,
  `course` varchar(10) NOT NULL,
  `a` int(10) NOT NULL,
  `b` int(10) NOT NULL,
  `c` int(10) NOT NULL,
  `d` int(10) NOT NULL,
  `e` int(10) NOT NULL,
  `1` int(10) NOT NULL,
  `2` int(10) NOT NULL,
  `3` int(10) NOT NULL,
  `4` int(10) NOT NULL,
  `5` int(10) NOT NULL,
  PRIMARY KEY (`id`)
) ENGINE=InnoDB  DEFAULT CHARSET=utf8 AUTO_INCREMENT=475 ;

--
-- 转存表中的数据 `user`
--

INSERT INTO `user` (`id`, `course`, `a`, `b`, `c`, `d`, `e`, `1`, `2`, `3`, `4`, `5`) VALUES
(1, '3', 0, 0, 1, 0, 0, -3, -3, 2, -3, -3),
(2, '3', 1, 1, 1, 1, 0, 3, 2, 2, 2, -3),
(3, '3', 0, 0, 1, 0, 0, -3, -3, 3, -3, -3),
(4, '3', 0, 0, 1, 0, 0, -3, -3, 2, -3, -3),
(5, '3', 0, 0, 1, 0, 0, -3, -3, 1, -3, -3),
(6, '3', 0, 1, 1, 1, 0, -3, 3, 2, 2, -3),
(7, '3', 0, 0, 1, 0, 0, -3, -3, 2, -3, -3),
(8, '3', 1, 1, 1, 1, 0, 2, 2, 2, 2, -3),
(9, '3', 0, 0, 1, 0, 0, -3, -3, 1, -3, -3),
(10, '3', 0, 0, 1, 0, 0, -3, -3, 2, -3, -3),
(11, '3', 0, 0, 1, 0, 0, -3, -3, 1, -3, -3),
(12, '3', 1, 0, 1, 0, 0, 2, -3, 2, -3, -3),
(13, '3', 0, 0, 1, 0, 0, -3, -3, 2, -3, -3),
(14, '3', 0, 1, 1, 0, 0, -3, 2, 1, -3, -3),
(15, '3', 1, 1, 1, 1, 1, 1, 1, 1, 1, 1),
(16, '3', 0, 1, 1, 1, 0, -3, 1, 1, 1, -3),
(17, '42', 1, 1, 1, 1, 1, 1, 1, 1, 1, 1),
(18, '42', 1, 1, 0, 0, 0, 3, 3, -3, -3, -3),
(19, '42', 1, 1, 1, 1, 0, 2, 2, 2, 2, -3),
(20, '42', 0, 0, 1, 1, 0, -3, -3, 1, 1, -3),
(21, '42', 1, 1, 1, 1, 0, 2, 2, 1, 1, -3),
(22, '42', 1, 1, 1, 1, 0, 1, 2, 2, 2, -3),
(23, '42', 0, 0, 1, 0, 0, -3, -3, 2, -3, -3),
(24, '42', 0, 1, 0, 1, 0, -3, 2, -3, 2, -3),
(25, '42', 0, 0, 1, 1, 1, -3, -3, 1, 1, 1),
(26, '42', 1, 1, 1, 1, 0, 2, 2, 1, 1, -3),
(27, '42', 1, 1, 1, 1, 1, 1, 1, 1, 1, 2),
(28, '42', 1, 1, 1, 1, 0, 2, 2, 2, 2, -3),
(29, '42', 1, 1, 1, 1, 0, 2, 1, 3, 1, -3),
(30, '42', 1, 1, 1, 1, 0, 2, 1, 1, 1, -3),
(31, '42', 1, 1, 1, 1, 0, 1, 2, 2, 2, -3),
(32, '23', 1, 0, 1, 1, 0, 3, -3, 2, 3, -3),
(33, '42', 1, 1, 1, 1, 0, 2, 2, 2, 1, -3),
(34, '42', 1, 1, 0, 1, 0, 2, 2, -3, 2, -3),
(35, '42', 1, 1, 1, 1, 0, 2, 2, 2, 2, -3),
(36, '42', 1, 1, 0, 0, 0, 2, 2, -3, -3, -3),
(37, '3', 0, 0, 1, 0, 0, -3, -3, 2, -3, -3),
(38, '42', 0, 0, 1, 0, 0, -3, -3, 1, -3, -3),
(39, '42', 0, 1, 0, 1, 0, -3, 2, -3, 2, -3),
(40, '42', 1, 1, 1, 1, 0, 2, 1, 2, 2, -3),
(41, '42', 0, 0, 1, 1, 0, -3, -3, 2, 2, -3),
(42, '42', 1, 1, 1, 1, 1, 2, 2, 2, 2, 2),
(43, '42', 0, 1, 1, 1, 1, -3, 2, 1, 1, 2),
(44, '3', 0, 1, 1, 0, 0, -3, 2, 1, -3, -3),
(45, '42', 1, 1, 1, 1, 1, 1, 1, 1, 1, 1),
(46, '42', 1, 1, 1, 1, 1, 2, 2, 2, 1, 2),
(47, '42', 0, 1, 1, 1, 0, -3, 1, 1, 1, -3),
(48, '42', 0, 0, 0, 1, 0, -3, -3, -3, 4, -3),
(49, '42', 1, 1, 1, 1, 1, 1, 1, 1, 1, 1),
(50, '42', 0, 1, 1, 1, 0, -3, 1, 1, 1, -3),
(51, '42', 0, 0, 0, 1, 0, -3, -3, -3, 2, -3),
(52, '42', 0, 1, 0, 1, 0, -3, 2, -3, 2, -3),
(53, '42', 1, 0, 1, 1, 0, 2, -3, 1, 1, -3),
(54, '42', 1, 1, 1, 1, 1, 2, 1, 1, 1, 1),
(55, '3', 0, 0, 1, 0, 0, -3, -3, 2, -3, -3),
(56, '3', 0, 1, 1, 0, 0, -3, 1, 1, -3, -3),
(57, '42', 0, 0, 1, 1, 1, -3, -3, 2, 2, 2),
(58, '42', 0, 0, 1, 1, 1, -3, -3, 1, 1, 1),
(59, '42', 1, 1, 1, 1, 1, 1, 1, 1, 1, 1),
(60, '42', 0, 0, 1, 1, 0, -3, -3, 2, 2, -3),
(61, '23', 0, 0, 1, 0, 0, -3, -3, 2, -3, -3),
(62, '35', 1, 0, 1, 0, 0, 3, -3, 2, -3, -3),
(63, '42', 1, 1, 1, 0, 0, 2, 2, 2, -3, -3),
(64, '42', 0, 0, 0, 1, 0, -3, -3, -3, 2, -3),
(65, '42', 1, 1, 1, 1, 0, 2, 2, 1, 2, -3),
(66, '42', 1, 1, 1, 1, 1, 2, 1, 1, 1, 1),
(67, '42', 1, 1, 1, 1, 0, 2, 2, 3, 2, -3),
(68, '42', 0, 1, 0, 0, 0, -3, 4, -3, -3, -3),
(69, '42', 1, 0, 1, 1, 0, 1, -3, 1, 1, -3),
(70, '42', 1, 1, 1, 1, 1, 2, 2, 2, 2, 3),
(71, '3', 0, 1, 1, 0, 0, -3, 1, 1, -3, -3),
(72, '3', 0, 0, 1, 1, 0, -3, -3, 2, 2, -3),
(73, '42', 0, 1, 1, 1, 0, -3, 2, 2, 2, -3),
(74, '42', 1, 0, 0, 1, 0, 1, -3, -3, 1, -3),
(75, '42', 1, 0, 1, 1, 0, 2, -3, 1, 1, -3),
(76, '42', 1, 1, 1, 1, 1, 2, 2, 2, 2, 2),
(77, '42', 0, 1, 1, 0, 0, -3, 1, 1, -3, -3),
(78, '42', 0, 1, 1, 1, 0, -3, 3, 2, 2, -3),
(79, '3', 0, 0, 1, 1, 0, -3, -3, 2, 2, -3),
(80, '42', 1, 1, 1, 1, 1, 1, 2, 2, 1, 3),
(81, '42', 1, 1, 1, 0, 0, 1, 1, 1, -3, -3),
(82, '42', 1, 0, 1, 0, 0, 2, -3, 1, -3, -3),
(83, '42', 1, 0, 1, 1, 0, 2, -3, 2, 2, -3),
(84, '50', 0, 1, 1, 0, 0, -3, 3, 3, -3, -3),
(85, '3', 0, 0, 1, 0, 0, -3, -3, 1, -3, -3),
(86, '42', 1, 1, 1, 1, 1, 1, 1, 1, 1, 1),
(87, '42', 0, 0, 1, 1, 1, -3, -3, 2, 2, 2),
(88, '3', 0, 0, 1, 0, 0, -3, -3, 1, -3, -3),
(89, '42', 1, 1, 1, 1, 1, 1, 1, 1, 1, 1),
(90, '3', 0, 0, 1, 1, 0, -3, -3, 1, 1, -3),
(91, '42', 0, 1, 1, 1, 1, -3, 1, 1, 1, 1),
(92, '42', 0, 0, 1, 0, 0, -3, -3, 2, -3, -3),
(93, '3', 0, 0, 1, 1, 0, -3, -3, 2, 2, -3),
(94, '42', 1, 0, 1, 0, 0, 1, -3, 1, -3, -3),
(95, '42', 1, 1, 1, 1, 0, 1, 1, 1, 1, -3),
(96, '50', 1, 0, 0, 0, 0, 3, -3, -3, -3, -3),
(97, '42', 0, 1, 1, 0, 0, -3, 2, 3, -3, -3),
(98, '42', 1, 1, 1, 1, 1, 1, 1, 1, 1, 1),
(99, '42', 1, 1, 1, 1, 0, 1, 1, 2, 2, -3),
(100, '42', 1, 1, 0, 0, 0, 3, 3, -3, -3, -3),
(101, '42', 0, 0, 1, 1, 0, -3, -3, 2, 2, -3),
(102, '3', 0, 1, 1, 1, 0, -3, 2, 1, 2, -3),
(103, '42', 1, 0, 1, 1, 0, 1, -3, 2, 1, -3),
(104, '42', 1, 1, 1, 1, 1, 2, 2, 2, 2, 2),
(105, '3', 0, 1, 1, 0, 0, -3, 1, 1, -3, -3),
(106, '42', 1, 1, 1, 1, 0, 2, 2, 1, 2, -3),
(107, '42', 0, 1, 1, 0, 0, -3, 3, 3, -3, -3),
(108, '42', 0, 0, 0, 1, 0, -3, -3, -3, 2, -3),
(109, '42', 1, 1, 1, 1, 1, 1, 1, 1, 1, 1),
(110, '3', 0, 0, 1, 0, 0, -3, -3, 1, -3, -3),
(111, '42', 1, 1, 1, 1, 1, 1, 1, 1, 1, 1),
(112, '42', 1, 1, 1, 1, 1, 1, 1, 1, 1, 1),
(113, '42', 1, 1, 1, 1, 1, 2, 2, 2, 2, 2),
(114, '31', 0, 0, 1, 0, 0, -3, -3, 2, -3, -3),
(115, '3', 1, 0, 1, 1, 1, 2, -3, 2, 2, 2),
(116, '3', 0, 0, 1, 0, 0, -3, -3, 4, -3, -3),
(117, '42', 0, 0, 1, 0, 0, -3, -3, 2, -3, -3),
(118, '3', 1, 1, 1, 1, 1, 1, 1, 1, 1, 1),
(119, '3', 0, 0, 0, 0, 1, -3, -3, -3, -3, 1),
(120, '42', 1, 1, 0, 0, 1, 2, 2, -3, -3, 2),
(121, '42', 1, 0, 1, 0, 1, 2, -3, 2, -3, 2),
(122, '31', 1, 0, 1, 0, 1, 2, -3, 2, -3, 2),
(123, '3', 0, 0, 1, 0, 0, -3, -3, 3, -3, -3),
(124, '42', 1, 1, 1, 1, 1, 1, 1, 1, 1, 1),
(125, '3', 0, 0, 1, 0, 0, -3, -3, 3, -3, -3),
(126, '3', 0, 0, 1, 0, 0, -3, -3, 2, -3, -3),
(127, '42', 1, 1, 1, 1, 1, 1, 1, 1, 1, 1),
(128, '42', 1, 1, 1, 1, 1, 1, 2, 1, 1, 1),
(129, '42', 1, 0, 0, 1, 0, 1, -3, -3, 1, -3),
(130, '42', 0, 1, 0, 0, 0, -3, 3, -3, -3, -3),
(131, '42', 1, 1, 1, 1, 1, 1, 1, 1, 1, 1),
(132, '21', 1, 1, 1, 1, 0, 2, 2, 2, 3, -3),
(133, '42', 1, 1, 0, 0, 0, 2, 1, -3, -3, -3),
(134, '42', 1, 0, 1, 1, 0, 2, -3, 1, 1, -3),
(135, '42', 0, 0, 1, 0, 0, -3, -3, 4, -3, -3),
(136, '42', 1, 0, 0, 0, 0, 2, -3, -3, -3, -3),
(137, '42', 1, 1, 1, 1, 1, 2, 2, 2, 1, 2),
(138, '42', 1, 1, 1, 1, 0, 1, 1, 1, 1, -3),
(139, '42', 1, 0, 1, 1, 0, 1, -3, 1, 1, -3),
(140, '42', 0, 1, 0, 1, 0, -3, 2, -3, 2, -3),
(141, '42', 0, 0, 0, 1, 1, -3, -3, -3, 2, 2),
(142, '3', 0, 0, 1, 0, 0, -3, -3, 2, -3, -3),
(143, '28', 1, 0, 1, 1, 1, 3, -3, 2, 2, 3),
(144, '3', 0, 0, 1, 0, 0, -3, -3, 3, -3, -3),
(145, '3', 0, 0, 1, 0, 0, -3, -3, 2, -3, -3),
(146, '26', 1, 0, 1, 0, 0, 2, -3, 2, -3, -3),
(147, '18', 0, 1, 1, 0, 0, -3, 1, 1, -3, -3),
(148, '18', 0, 1, 1, 0, 0, -3, 2, 2, -3, -3),
(149, '18', 1, 1, 1, 1, 1, 1, 1, 1, 1, 1),
(150, '3', 0, 0, 1, 0, 1, -3, -3, 1, -3, 1),
(151, '18', 0, 0, 1, 0, 0, -3, -3, 2, -3, -3),
(152, '18', 0, 0, 1, 0, 0, -3, -3, 4, -3, -3),
(153, '18', 0, 1, 1, 0, 0, -3, 2, 3, -3, -3),
(154, '18', 0, 1, 1, 0, 0, -3, 4, 4, -3, -3),
(155, '33', 1, 0, 0, 0, 0, 1, -3, -3, -3, -3),
(156, '18', 0, 1, 1, 0, 0, -3, 2, 2, -3, -3),
(157, '49', 1, 0, 0, 0, 0, 2, -3, -3, -3, -3),
(158, '51', 0, 1, 0, 1, 0, -3, 2, -3, 2, -3),
(159, '51', 0, 1, 1, 0, 0, -3, 2, 3, -3, -3),
(160, '51', 0, 0, 0, 0, 1, -3, -3, -3, -3, 1),
(161, '51', 0, 1, 0, 1, 0, -3, 2, -3, 3, -3),
(162, '51', 0, 0, 1, 1, 0, -3, -3, 1, 1, -3),
(163, '42', 0, 0, 1, 1, 1, -3, -3, 2, 2, 2),
(164, '51', 0, 0, 0, 0, 1, -3, -3, -3, -3, 3),
(165, '37', 1, 0, 0, 0, 0, 5, -3, -3, -3, -3),
(166, '7', 1, 1, 1, 1, 1, 2, 2, 2, 2, 2),
(167, '51', 0, 1, 0, 1, 0, -3, 3, -3, 3, -3),
(168, '51', 0, 1, 1, 0, 0, -3, 2, 4, -3, -3),
(169, '18', 0, 1, 0, 1, 0, -3, 2, -3, 2, -3),
(170, '51', 0, 1, 0, 1, 1, -3, 2, -3, 2, 3),
(171, '11', 0, 1, 0, 1, 0, -3, 2, -3, 2, -3),
(172, '29', 0, 1, 1, 1, 1, -3, 3, 3, 3, 3),
(173, '32', 0, 1, 1, 0, 0, -3, 5, 5, -3, -3),
(174, '3', 0, 0, 1, 0, 0, -3, -3, 3, -3, -3),
(175, '42', 0, 0, 0, 1, 1, -3, -3, -3, 2, 2),
(176, '51', 0, 0, 0, 0, 1, -3, -3, -3, -3, 2),
(177, '51', 1, 1, 0, 1, 0, 3, 2, -3, 2, -3),
(178, '51', 1, 1, 1, 1, 0, 3, 2, 2, 1, -3),
(179, '36', 0, 0, 0, 1, 0, -3, -3, -3, 1, -3),
(180, '3', 0, 0, 1, 0, 0, -3, -3, 3, -3, -3),
(181, '13', 0, 0, 1, 1, 0, -3, -3, 3, 3, -3),
(182, '47', 0, 0, 1, 0, 0, -3, -3, 4, -3, -3),
(183, '3', 0, 0, 1, 0, 0, -3, -3, 3, -3, -3),
(184, '39', 1, 1, 1, 1, 0, 2, 2, 2, 2, -3),
(185, '4', 0, 0, 1, 0, 0, -3, -3, 3, -3, -3),
(186, '51', 0, 1, 0, 1, 0, -3, 2, -3, 2, -3),
(187, '51', 1, 1, 1, 1, 1, 1, 1, 1, 1, 1),
(188, '7', 0, 0, 1, 1, 0, -3, -3, 2, 2, -3),
(189, '7', 0, 0, 1, 1, 0, -3, -3, 2, 3, -3),
(190, '7', 1, 1, 0, 0, 0, 2, 2, -3, -3, -3),
(191, '7', 1, 0, 0, 1, 0, 2, -3, -3, 2, -3),
(192, '35', 0, 0, 0, 1, 0, -3, -3, -3, 2, -3),
(193, '7', 0, 0, 1, 0, 0, -3, -3, 2, -3, -3),
(194, '10', 1, 0, 0, 0, 0, 2, -3, -3, -3, -3),
(195, '5', 1, 0, 0, 0, 0, 5, -3, -3, -3, -3),
(196, '33', 1, 0, 0, 0, 0, 3, -3, -3, -3, -3),
(197, '23', 0, 0, 1, 1, 0, -3, -3, 2, 2, -3),
(198, '23', 1, 1, 1, 0, 0, 2, 2, 2, -3, -3),
(199, '23', 1, 1, 1, 1, 1, 1, 2, 2, 2, 2),
(200, '23', 0, 1, 1, 1, 0, -3, 2, 3, 4, -3),
(201, '42', 1, 0, 0, 0, 0, 2, -3, -3, -3, -3),
(202, '15', 1, 1, 1, 1, 1, 3, 3, 3, 3, 3),
(203, '11', 1, 1, 1, 1, 0, 2, 2, 2, 2, -3),
(204, '34', 1, 1, 1, 1, 1, 2, 2, 2, 2, 2),
(205, '50', 1, 0, 0, 0, 0, 2, -3, -3, -3, -3),
(206, '50', 1, 0, 0, 0, 0, 2, -3, -3, -3, -3),
(207, '50', 1, 0, 0, 0, 0, 2, -3, -3, -3, -3),
(208, '6', 0, 1, 0, 0, 0, -3, 3, -3, -3, -3),
(209, '29', 1, 1, 1, 1, 1, 1, 2, 2, 1, 2),
(210, '23', 0, 0, 1, 0, 0, -3, -3, 4, -3, -3),
(211, '10', 1, 0, 0, 0, 0, 3, -3, -3, -3, -3),
(212, '50', 1, 0, 0, 0, 0, 2, -3, -3, -3, -3),
(213, '6', 0, 1, 1, 0, 0, -3, 3, 3, -3, -3),
(214, '21', 1, 1, 0, 0, 0, 3, 4, -3, -3, -3),
(215, '50', 1, 1, 1, 0, 0, 2, 2, 2, -3, -3),
(216, '46', 1, 0, 0, 0, 0, 2, -3, -3, -3, -3),
(217, '46', 1, 1, 1, 1, 1, 2, 2, 2, 2, 2),
(218, '1', 1, 1, 1, 1, 0, 2, 2, 2, 2, -3),
(219, '50', 1, 1, 0, 0, 0, 2, 2, -3, -3, -3),
(220, '50', 1, 1, 1, 1, 1, 1, 1, 1, 1, 1),
(221, '50', 1, 1, 0, 1, 0, 2, 2, -3, 2, -3),
(222, '46', 1, 0, 0, 1, 0, 3, -3, -3, 3, -3),
(223, '50', 1, 0, 0, 0, 0, 2, -3, -3, -3, -3),
(224, '50', 1, 0, 0, 0, 0, 2, -3, -3, -3, -3),
(225, '50', 1, 0, 0, 0, 0, 2, -3, -3, -3, -3),
(226, '46', 1, 0, 0, 0, 0, 2, -3, -3, -3, -3),
(227, '46', 1, 1, 0, 0, 0, 2, 3, -3, -3, -3),
(228, '50', 1, 0, 0, 0, 0, 1, -3, -3, -3, -3),
(229, '50', 1, 0, 0, 0, 0, 3, -3, -3, -3, -3),
(230, '36', 1, 1, 0, 1, 1, 2, 2, -3, 2, 2),
(231, '8', 0, 0, 1, 0, 0, -3, -3, 2, -3, -3),
(232, '50', 1, 0, 0, 0, 0, 2, -3, -3, -3, -3),
(233, '46', 1, 0, 1, 0, 0, 3, -3, 3, -3, -3),
(234, '46', 1, 0, 0, 0, 0, 2, -3, -3, -3, -3),
(235, '35', 1, 1, 1, 0, 0, 1, 2, 3, -3, -3),
(236, '46', 1, 0, 0, 0, 0, 2, -3, -3, -3, -3),
(237, '7', 1, 1, 0, 0, 0, 2, 2, -3, -3, -3),
(238, '46', 1, 0, 0, 0, 0, 2, -3, -3, -3, -3),
(239, '23', 0, 0, 1, 0, 0, -3, -3, 3, -3, -3),
(240, '45', 0, 0, 1, 1, 0, -3, -3, 2, 2, -3),
(241, '13', 0, 0, 1, 0, 0, -3, -3, 3, -3, -3),
(242, '13', 0, 0, 1, 0, 0, -3, -3, 3, -3, -3),
(243, '13', 0, 0, 1, 1, 0, -3, -3, 2, 2, -3),
(244, '13', 0, 0, 1, 0, 0, -3, -3, 3, -3, -3),
(245, '13', 0, 0, 1, 1, 0, -3, -3, 2, 2, -3),
(246, '13', 0, 0, 0, 1, 1, -3, -3, -3, 1, 1),
(247, '48', 1, 1, 0, 1, 1, 2, 2, -3, 2, 2),
(248, '48', 1, 0, 1, 0, 0, 3, -3, 3, -3, -3),
(249, '7', 1, 1, 1, 1, 1, 2, 2, 2, 2, 2),
(250, '13', 0, 0, 1, 1, 0, -3, -3, 2, 2, -3),
(251, '19', 0, 0, 1, 0, 0, -3, -3, 2, -3, -3),
(252, '48', 1, 0, 1, 0, 1, 4, -3, 4, -3, 4),
(253, '13', 0, 0, 1, 0, 0, -3, -3, 5, -3, -3),
(254, '48', 0, 1, 0, 0, 1, -3, 4, -3, -3, 4),
(255, '48', 0, 0, 1, 1, 1, -3, -3, 3, 3, 3),
(256, '13', 0, 0, 1, 0, 0, -3, -3, 3, -3, -3),
(257, '13', 0, 0, 0, 1, 0, -3, -3, -3, 2, -3),
(258, '13', 0, 0, 1, 0, 0, -3, -3, 2, -3, -3),
(259, '13', 0, 0, 0, 1, 1, -3, -3, -3, 3, 4),
(260, '39', 0, 0, 1, 0, 1, -3, -3, 3, -3, 2),
(261, '13', 0, 0, 1, 0, 0, -3, -3, 3, -3, -3),
(262, '13', 0, 0, 1, 0, 0, -3, -3, 3, -3, -3),
(263, '13', 0, 0, 1, 0, 0, -3, -3, 3, -3, -3),
(264, '46', 1, 0, 0, 0, 0, 3, -3, -3, -3, -3),
(265, '48', 0, 0, 0, 0, 1, -3, -3, -3, -3, 3),
(266, '13', 0, 0, 1, 0, 0, -3, -3, 2, -3, -3),
(267, '13', 0, 0, 1, 1, 0, -3, -3, 2, 2, -3),
(268, '13', 0, 0, 1, 0, 0, -3, -3, 2, -3, -3),
(269, '19', 0, 0, 1, 0, 0, -3, -3, 3, -3, -3),
(270, '7', 1, 0, 0, 1, 0, 3, -3, -3, 3, -3),
(271, '48', 1, 0, 0, 0, 1, 2, -3, -3, -3, 2),
(272, '41', 0, 1, 1, 0, 0, -3, 3, 3, -3, -3),
(273, '48', 0, 0, 0, 0, 1, -3, -3, -3, -3, 5),
(274, '13', 0, 0, 1, 0, 0, -3, -3, 2, -3, -3),
(275, '18', 0, 0, 1, 0, 0, -3, -3, 3, -3, -3),
(276, '13', 0, 0, 1, 1, 0, -3, -3, 2, 2, -3),
(277, '30', 0, 1, 1, 0, 0, -3, 5, 5, -3, -3),
(278, '19', 1, 1, 0, 1, 0, 1, 1, -3, 1, -3),
(279, '38', 0, 0, 1, 0, 0, -3, -3, 5, -3, -3),
(280, '48', 1, 0, 0, 0, 1, 2, -3, -3, -3, 3),
(281, '35', 1, 0, 0, 0, 0, 3, -3, -3, -3, -3),
(282, '13', 0, 0, 1, 0, 0, -3, -3, 3, -3, -3),
(283, '13', 0, 0, 1, 1, 0, -3, -3, 3, 3, -3),
(284, '13', 0, 0, 1, 1, 1, -3, -3, 2, 2, 2),
(285, '13', 0, 0, 0, 1, 0, -3, -3, -3, 2, -3),
(286, '6', 1, 0, 0, 0, 0, 5, -3, -3, -3, -3),
(287, '13', 0, 0, 1, 0, 0, -3, -3, 2, -3, -3),
(288, '13', 0, 0, 1, 1, 1, -3, -3, 1, 1, 1),
(289, '13', 0, 0, 1, 1, 1, -3, -3, 1, 1, 2),
(290, '13', 1, 0, 1, 1, 0, 1, -3, 1, 1, -3),
(291, '5', 1, 1, 1, 1, 1, 2, 2, 2, 2, 2),
(292, '24', 1, 0, 1, 0, 0, 1, -3, 1, -3, -3),
(293, '13', 0, 0, 1, 1, 1, -3, -3, 2, 2, 2),
(294, '13', 0, 0, 1, 1, 0, -3, -3, 2, 2, -3),
(295, '10', 0, 1, 0, 0, 0, -3, 2, -3, -3, -3),
(296, '48', 0, 0, 1, 1, 1, -3, -3, 3, 3, 2),
(297, '13', 0, 0, 1, 0, 0, -3, -3, 3, -3, -3),
(298, '13', 1, 0, 1, 1, 0, 3, -3, 3, 3, -3),
(299, '13', 1, 1, 1, 1, 1, 1, 1, 1, 1, 1),
(300, '35', 1, 1, 1, 1, 1, 3, 3, 3, 4, 4),
(301, '46', 1, 0, 0, 1, 0, 1, -3, -3, 1, -3),
(302, '19', 0, 0, 1, 1, 0, -3, -3, 3, 3, -3),
(303, '13', 0, 0, 0, 0, 1, -3, -3, -3, -3, 2),
(304, '7', 0, 1, 0, 0, 0, -3, 2, -3, -3, -3),
(305, '23', 0, 0, 1, 1, 0, -3, -3, 3, 2, -3),
(306, '50', 0, 1, 0, 0, 1, -3, 1, -3, -3, 2),
(307, '50', 1, 1, 0, 1, 1, 1, 2, -3, 3, 2),
(308, '38', 0, 1, 1, 1, 1, -3, 2, 2, 1, 2),
(309, '40', 1, 0, 0, 0, 0, 2, -3, -3, -3, -3),
(310, '13', 0, 0, 1, 0, 0, -3, -3, 2, -3, -3),
(311, '29', 1, 1, 0, 0, 0, 2, 3, -3, -3, -3),
(312, '6', 1, 1, 0, 0, 0, 2, 2, -3, -3, -3),
(313, '44', 1, 0, 0, 1, 0, 1, -3, -3, 1, -3),
(314, '23', 0, 0, 1, 0, 0, -3, -3, 4, -3, -3),
(315, '50', 1, 0, 0, 0, 0, 2, -3, -3, -3, -3),
(316, '44', 1, 0, 0, 1, 1, 2, -3, -3, 2, 2),
(317, '44', 1, 1, 0, 0, 0, 2, 2, -3, -3, -3),
(318, '50', 1, 0, 0, 0, 0, 3, -3, -3, -3, -3),
(319, '50', 1, 0, 0, 0, 0, 3, -3, -3, -3, -3),
(320, '50', 1, 0, 0, 0, 0, 3, -3, -3, -3, -3),
(321, '13', 0, 0, 1, 0, 0, -3, -3, 3, -3, -3),
(322, '13', 1, 0, 0, 1, 1, 2, -3, -3, 2, 2),
(323, '13', 0, 0, 1, 0, 0, -3, -3, 2, -3, -3),
(324, '48', 0, 1, 0, 0, 1, -3, 1, -3, -3, 1),
(325, '46', 1, 0, 1, 1, 0, 3, -3, 3, 3, -3),
(326, '44', 1, 1, 1, 1, 1, 2, 2, 2, 2, 2),
(327, '46', 1, 0, 0, 0, 1, 3, -3, -3, -3, 4),
(328, '24', 0, 0, 1, 0, 0, -3, -3, 2, -3, -3),
(329, '28', 0, 0, 1, 0, 0, -3, -3, 1, -3, -3),
(330, '26', 0, 0, 1, 0, 0, -3, -3, 3, -3, -3),
(331, '13', 0, 0, 1, 0, 0, -3, -3, 2, -3, -3),
(332, '36', 1, 0, 1, 1, 0, 2, -3, 2, 2, -3),
(333, '28', 0, 0, 1, 1, 0, -3, -3, 3, 3, -3),
(334, '33', 1, 0, 0, 0, 0, 2, -3, -3, -3, -3),
(335, '13', 0, 0, 1, 0, 0, -3, -3, 3, -3, -3),
(336, '29', 0, 0, 1, 0, 0, -3, -3, 2, -3, -3),
(337, '29', 1, 0, 0, 0, 0, 3, -3, -3, -3, -3),
(338, '13', 0, 0, 1, 1, 0, -3, -3, 3, 3, -3),
(339, '26', 0, 0, 1, 0, 0, -3, -3, 3, -3, -3),
(340, '36', 1, 0, 1, 0, 0, 3, -3, 2, -3, -3),
(341, '13', 0, 0, 1, 1, 0, -3, -3, 2, 2, -3),
(342, '10', 0, 0, 0, 1, 0, -3, -3, -3, 3, -3),
(343, '13', 0, 0, 1, 0, 0, -3, -3, 3, -3, -3),
(344, '13', 0, 0, 1, 0, 0, -3, -3, 3, -3, -3),
(345, '28', 0, 0, 1, 0, 0, -3, -3, 5, -3, -3),
(346, '34', 1, 0, 1, 0, 0, 2, -3, 3, -3, -3),
(347, '13', 0, 0, 1, 0, 0, -3, -3, 2, -3, -3),
(348, '10', 1, 0, 1, 0, 0, 2, -3, 2, -3, -3),
(349, '13', 0, 0, 0, 0, 1, -3, -3, -3, -3, 2),
(350, '20', 1, 1, 1, 1, 1, 2, 2, 2, 2, 2),
(351, '42', 0, 0, 1, 0, 0, -3, -3, 3, -3, -3),
(352, '32', 1, 1, 1, 1, 1, 1, 1, 1, 1, 1),
(353, '19', 0, 0, 1, 0, 0, -3, -3, 3, -3, -3),
(354, '36', 0, 0, 1, 1, 0, -3, -3, 2, 2, -3),
(355, '11', 0, 0, 0, 1, 0, -3, -3, -3, 3, -3),
(356, '30', 1, 0, 0, 0, 0, 3, -3, -3, -3, -3),
(357, '13', 0, 1, 0, 0, 0, -3, 4, -3, -3, -3),
(358, '13', 0, 0, 1, 0, 0, -3, -3, 2, -3, -3),
(359, '41', 1, 1, 1, 1, 1, 2, 2, 2, 2, 2),
(360, '13', 0, 0, 0, 1, 0, -3, -3, -3, 4, -3),
(361, '13', 0, 0, 1, 0, 0, -3, -3, 3, -3, -3),
(362, '44', 1, 0, 0, 0, 0, 2, -3, -3, -3, -3),
(363, '3', 1, 0, 0, 0, 0, 1, -3, -3, -3, -3),
(364, '4', 1, 1, 1, 1, 1, 1, 1, 1, 1, 1),
(365, '1', 0, 0, 0, 0, 1, -3, -3, -3, -3, 1),
(366, '40', 0, 0, 0, 0, 1, -3, -3, -3, -3, 2),
(367, '13', 1, 1, 1, 1, 1, 1, 1, 1, 1, 1),
(368, '13', 0, 0, 1, 0, 0, -3, -3, 2, -3, -3),
(369, '44', 1, 0, 0, 0, 0, 3, -3, -3, -3, -3),
(370, '36', 0, 0, 1, 0, 0, -3, -3, 2, -3, -3),
(371, '40', 1, 0, 1, 1, 0, 3, -3, 3, 2, -3),
(372, '40', 1, 0, 0, 1, 0, 2, -3, -3, 2, -3),
(373, '50', 1, 1, 0, 0, 0, 2, 2, -3, -3, -3),
(374, '24', 0, 0, 1, 0, 0, -3, -3, 2, -3, -3),
(375, '6', 1, 1, 1, 1, 1, 2, 3, 3, 3, 2),
(376, '24', 0, 0, 1, 1, 0, -3, -3, 2, 3, -3),
(377, '13', 0, 0, 1, 1, 1, -3, -3, 2, 2, 2),
(378, '47', 0, 0, 1, 0, 0, -3, -3, 2, -3, -3),
(379, '13', 0, 0, 1, 0, 0, -3, -3, 2, -3, -3),
(380, '24', 0, 0, 1, 0, 0, -3, -3, 2, -3, -3),
(381, '41', 0, 0, 0, 1, 0, -3, -3, -3, 3, -3),
(382, '23', 1, 0, 1, 1, 0, 2, -3, 3, 4, -3),
(383, '24', 1, 1, 1, 1, 1, 1, 1, 1, 1, 1),
(384, '13', 0, 0, 1, 1, 1, -3, -3, 3, 2, 3),
(385, '50', 1, 0, 0, 0, 0, 2, -3, -3, -3, -3),
(386, '28', 0, 0, 0, 1, 0, -3, -3, -3, 4, -3),
(387, '3', 0, 0, 1, 0, 0, -3, -3, 4, -3, -3),
(388, '13', 0, 0, 1, 1, 0, -3, -3, 3, 3, -3),
(389, '36', 0, 0, 1, 0, 0, -3, -3, 1, -3, -3),
(390, '46', 1, 1, 0, 1, 0, 1, 1, -3, 1, -3),
(391, '50', 1, 0, 0, 0, 0, 2, -3, -3, -3, -3),
(392, '50', 1, 1, 1, 1, 1, 1, 1, 1, 1, 1),
(393, '23', 0, 0, 1, 1, 0, -3, -3, 2, 2, -3),
(394, '23', 1, 1, 0, 1, 1, 2, 2, -3, 2, 1),
(395, '45', 1, 1, 1, 0, 0, 3, 4, 2, -3, -3),
(396, '46', 1, 0, 0, 0, 0, 2, -3, -3, -3, -3),
(397, '51', 0, 1, 1, 1, 0, -3, 3, 3, 2, -3),
(398, '51', 0, 1, 1, 1, 0, -3, 2, 2, 2, -3),
(399, '51', 0, 1, 0, 1, 0, -3, 3, -3, 3, -3),
(400, '51', 0, 1, 0, 1, 0, -3, 2, -3, 2, -3),
(401, '50', 1, 0, 0, 0, 0, 3, -3, -3, -3, -3),
(402, '51', 0, 0, 0, 1, 0, -3, -3, -3, 3, -3),
(403, '51', 0, 1, 0, 0, 0, -3, 3, -3, -3, -3),
(404, '46', 1, 0, 0, 0, 0, 2, -3, -3, -3, -3),
(405, '46', 1, 0, 0, 0, 0, 3, -3, -3, -3, -3),
(406, '50', 1, 1, 1, 0, 0, 2, 2, 2, -3, -3),
(407, '33', 1, 1, 1, 1, 1, 1, 2, 2, 2, 2),
(408, '36', 0, 0, 0, 1, 0, -3, -3, -3, 3, -3),
(409, '10', 1, 0, 1, 1, 0, 2, -3, 2, 2, -3),
(410, '36', 1, 1, 0, 0, 0, 3, 2, -3, -3, -3),
(411, '50', 1, 0, 0, 0, 0, 2, -3, -3, -3, -3),
(412, '7', 0, 1, 1, 1, 0, -3, 2, 2, 2, -3),
(413, '46', 1, 0, 0, 0, 0, 2, -3, -3, -3, -3),
(414, '46', 1, 0, 0, 0, 0, 3, -3, -3, -3, -3),
(415, '44', 1, 0, 0, 0, 0, 3, -3, -3, -3, -3),
(416, '50', 1, 0, 0, 1, 1, 1, -3, -3, 2, 2),
(417, '1', 1, 1, 1, 1, 1, 3, 2, 2, 3, 3),
(418, '8', 1, 1, 1, 1, 1, 2, 2, 2, 2, 2),
(419, '51', 0, 1, 0, 1, 1, -3, 2, -3, 2, 2),
(420, '50', 1, 0, 0, 0, 0, 3, -3, -3, -3, -3),
(421, '50', 1, 0, 0, 0, 0, 2, -3, -3, -3, -3),
(422, '50', 1, 1, 0, 0, 0, 3, 3, -3, -3, -3),
(423, '50', 1, 1, 1, 0, 0, 2, 2, 2, -3, -3),
(424, '50', 1, 0, 0, 0, 0, 5, -3, -3, -3, -3),
(425, '50', 1, 0, 0, 0, 0, 2, -3, -3, -3, -3),
(426, '50', 1, 0, 0, 0, 0, 2, -3, -3, -3, -3),
(427, '42', 1, 1, 1, 1, 1, 1, 1, 1, 1, 1),
(428, '50', 1, 0, 0, 0, 0, 1, -3, -3, -3, -3),
(429, '50', 1, 0, 0, 0, 0, 2, -3, -3, -3, -3),
(430, '50', 1, 0, 0, 0, 0, 4, -3, -3, -3, -3),
(431, '50', 1, 0, 0, 0, 0, 3, -3, -3, -3, -3),
(432, '42', 1, 0, 1, 1, 0, 1, -3, 1, 1, -3),
(433, '50', 1, 0, 0, 0, 0, 2, -3, -3, -3, -3),
(434, '5', 1, 1, 1, 1, 1, 3, 3, 3, 3, 3),
(435, '50', 1, 0, 0, 0, 0, 3, -3, -3, -3, -3),
(436, '50', 1, 0, 0, 0, 0, 1, -3, -3, -3, -3),
(437, '50', 1, 1, 0, 0, 0, 2, 3, -3, -3, -3),
(438, '50', 1, 0, 0, 0, 0, 3, -3, -3, -3, -3),
(439, '50', 1, 0, 0, 0, 0, 1, -3, -3, -3, -3),
(440, '50', 1, 1, 0, 0, 0, 2, 2, -3, -3, -3),
(441, '50', 1, 0, 0, 0, 0, 4, -3, -3, -3, -3),
(442, '35', 1, 1, 0, 0, 0, 1, 1, -3, -3, -3),
(443, '50', 1, 0, 1, 1, 1, 2, -3, 2, 2, 2),
(444, '1', 1, 1, 0, 0, 0, 3, 3, -3, -3, -3),
(445, '10', 0, 1, 1, 0, 0, -3, 5, 4, -3, -3),
(446, '36', 1, 1, 1, 1, 1, 3, 3, 3, 3, 3),
(447, '50', 1, 0, 0, 0, 0, 3, -3, -3, -3, -3),
(448, '44', 1, 0, 0, 0, 0, 2, -3, -3, -3, -3),
(449, '10', 0, 0, 1, 0, 1, -3, -3, 3, -3, 3),
(450, '50', 1, 0, 0, 0, 1, 2, -3, -3, -3, 3),
(451, '10', 1, 0, 1, 0, 0, 3, -3, 3, -3, -3),
(452, '50', 1, 1, 1, 1, 1, 1, 1, 1, 1, 1),
(453, '50', 1, 1, 0, 1, 1, 1, 1, -3, 2, 3),
(454, '50', 1, 0, 0, 0, 0, 5, -3, -3, -3, -3),
(455, '50', 1, 0, 0, 0, 0, 5, -3, -3, -3, -3),
(456, '10', 0, 0, 1, 0, 0, -3, -3, 3, -3, -3),
(457, '50', 1, 0, 0, 0, 0, 3, -3, -3, -3, -3),
(458, '50', 1, 0, 0, 0, 0, 3, -3, -3, -3, -3),
(459, '50', 0, 0, 0, 1, 0, -3, -3, -3, 2, -3),
(460, '51', 0, 0, 1, 0, 0, -3, -3, 2, -3, -3),
(461, '50', 1, 0, 0, 0, 0, 2, -3, -3, -3, -3),
(462, '50', 1, 0, 0, 0, 0, 2, -3, -3, -3, -3),
(463, '50', 1, 0, 0, 0, 0, 2, -3, -3, -3, -3),
(464, '50', 1, 0, 0, 0, 0, 2, -3, -3, -3, -3),
(465, '50', 1, 1, 1, 1, 1, 2, 2, 2, 2, 2),
(466, '50', 1, 0, 0, 0, 0, 2, -3, -3, -3, -3),
(467, '1', 1, 0, 0, 0, 0, 1, -3, -3, -3, -3),
(468, '2', 1, 1, 1, 1, 1, 1, 1, 1, 1, 1),
(469, '44', 0, 0, 0, 1, 0, -3, -3, -3, 3, -3),
(470, '10', 1, 0, 0, 0, 0, 4, -3, -3, -3, -3),
(471, '10', 0, 0, 1, 0, 0, -3, -3, 4, -3, -3),
(472, '50', 1, 0, 0, 0, 0, 3, -3, -3, -3, -3),
(473, '50', 1, 0, 1, 1, 0, 3, -3, 3, 3, -3),
(474, '48', 0, 0, 1, 0, 1, -3, -3, 2, -3, 2);

/*!40101 SET CHARACTER_SET_CLIENT=@OLD_CHARACTER_SET_CLIENT */;
/*!40101 SET CHARACTER_SET_RESULTS=@OLD_CHARACTER_SET_RESULTS */;
/*!40101 SET COLLATION_CONNECTION=@OLD_COLLATION_CONNECTION */;
